;mean_fit_time;std_fit_time;mean_score_time;std_score_time;param_criterion;param_max_depth;param_max_features;param_n_estimators;params;split0_test_score;split1_test_score;split2_test_score;split3_test_score;split4_test_score;split5_test_score;split6_test_score;split7_test_score;split8_test_score;split9_test_score;split10_test_score;split11_test_score;split12_test_score;split13_test_score;split14_test_score;split15_test_score;split16_test_score;split17_test_score;split18_test_score;split19_test_score;split20_test_score;split21_test_score;split22_test_score;split23_test_score;split24_test_score;mean_test_score;std_test_score;rank_test_score
43;1.577.393.328.666.680;0.8314537774825976;0.2652271366119385;0.034922629022152415;entropy;20;sqrt;1000;{'criterion': 'entropy', 'max_depth': 20, 'max_features': 'sqrt', 'n_estimators': 1000};0.6015228426395939;0.6091370558375635;0.631979695431472;0.6446700507614214;0.6446700507614214;0.6015228426395939;0.583756345177665;0.5964467005076142;0.6446700507614214;0.6040609137055838;0.5939086294416244;0.6370558375634517;0.616751269035533;0.6132315521628499;0.6183206106870229;0.6005089058524173;0.5903307888040712;0.6335877862595419;0.6132315521628499;0.6081424936386769;0.5801526717557252;0.6081424936386769;0.6590330788804071;0.628498727735369;0.6335877862595419;0.6158768292840443;0.02062858545703447;1
47;16.239.455.823.898.300;12.207.547.176.306.100;0.2764820671081543;0.05229460475877489;entropy;20;log2;1000;{'criterion': 'entropy', 'max_depth': 20, 'max_features': 'log2', 'n_estimators': 1000};0.6015228426395939;0.6091370558375635;0.631979695431472;0.6446700507614214;0.6446700507614214;0.6015228426395939;0.583756345177665;0.5964467005076142;0.6446700507614214;0.6040609137055838;0.5939086294416244;0.6370558375634517;0.616751269035533;0.6132315521628499;0.6183206106870229;0.6005089058524173;0.5903307888040712;0.6335877862595419;0.6132315521628499;0.6081424936386769;0.5801526717557252;0.6081424936386769;0.6590330788804071;0.628498727735369;0.6335877862595419;0.6158768292840443;0.02062858545703447;1
51;15.653.265.733.718.800;20.361.894.298.865.300;0.25867002487182617;0.0324950228688428;entropy;20;sqrt;1000;{'criterion': 'entropy', 'max_depth': 20, 'max_features': 'sqrt', 'n_estimators': 1000};0.6015228426395939;0.6091370558375635;0.631979695431472;0.6446700507614214;0.6446700507614214;0.6015228426395939;0.583756345177665;0.5964467005076142;0.6446700507614214;0.6040609137055838;0.5939086294416244;0.6370558375634517;0.616751269035533;0.6132315521628499;0.6183206106870229;0.6005089058524173;0.5903307888040712;0.6335877862595419;0.6132315521628499;0.6081424936386769;0.5801526717557252;0.6081424936386769;0.6590330788804071;0.628498727735369;0.6335877862595419;0.6158768292840443;0.02062858545703447;1
55;1.986.798.399.925.230;7.539.801.951.433.490;0.3216093444824219;0.16588938098668413;entropy;20;log2;1000;{'criterion': 'entropy', 'max_depth': 20, 'max_features': 'log2', 'n_estimators': 1000};0.6015228426395939;0.6091370558375635;0.631979695431472;0.6446700507614214;0.6446700507614214;0.6015228426395939;0.583756345177665;0.5964467005076142;0.6446700507614214;0.6040609137055838;0.5939086294416244;0.6370558375634517;0.616751269035533;0.6132315521628499;0.6183206106870229;0.6005089058524173;0.5903307888040712;0.6335877862595419;0.6132315521628499;0.6081424936386769;0.5801526717557252;0.6081424936386769;0.6590330788804071;0.628498727735369;0.6335877862595419;0.6158768292840443;0.02062858545703447;1
41;3.776.175.184.249.870;0.20304083274687276;0.07277658462524414;0.026002279277377707;entropy;20;sqrt;250;{'criterion': 'entropy', 'max_depth': 20, 'max_features': 'sqrt', 'n_estimators': 250};0.6091370558375635;0.6091370558375635;0.6269035532994924;0.6218274111675127;0.6421319796954315;0.5989847715736041;0.5964467005076142;0.5964467005076142;0.6446700507614214;0.6065989847715736;0.6040609137055838;0.6345177664974619;0.616751269035533;0.6132315521628499;0.638676844783715;0.6081424936386769;0.5801526717557252;0.628498727735369;0.5928753180661578;0.6132315521628499;0.5877862595419847;0.6055979643765903;0.648854961832061;0.6183206106870229;0.638676844783715;0.6152664005889875;0.018371300501064478;5
45;39.726.070.404.052.700;0.3543780732875156;0.06929556846618652;0.014254766647895127;entropy;20;log2;250;{'criterion': 'entropy', 'max_depth': 20, 'max_features': 'log2', 'n_estimators': 250};0.6091370558375635;0.6091370558375635;0.6269035532994924;0.6218274111675127;0.6421319796954315;0.5989847715736041;0.5964467005076142;0.5964467005076142;0.6446700507614214;0.6065989847715736;0.6040609137055838;0.6345177664974619;0.616751269035533;0.6132315521628499;0.638676844783715;0.6081424936386769;0.5801526717557252;0.628498727735369;0.5928753180661578;0.6132315521628499;0.5877862595419847;0.6055979643765903;0.648854961832061;0.6183206106870229;0.638676844783715;0.6152664005889875;0.018371300501064478;5
49;3.943.357.467.651.360;0.288893722754921;0.07080642700195312;0.018874093158493515;entropy;20;sqrt;250;{'criterion': 'entropy', 'max_depth': 20, 'max_features': 'sqrt', 'n_estimators': 250};0.6091370558375635;0.6091370558375635;0.6269035532994924;0.6218274111675127;0.6421319796954315;0.5989847715736041;0.5964467005076142;0.5964467005076142;0.6446700507614214;0.6065989847715736;0.6040609137055838;0.6345177664974619;0.616751269035533;0.6132315521628499;0.638676844783715;0.6081424936386769;0.5801526717557252;0.628498727735369;0.5928753180661578;0.6132315521628499;0.5877862595419847;0.6055979643765903;0.648854961832061;0.6183206106870229;0.638676844783715;0.6152664005889875;0.018371300501064478;5
53;486.529.125.213.623;12.460.562.136.306.700;0.08437605857849122;0.04014952888477794;entropy;20;log2;250;{'criterion': 'entropy', 'max_depth': 20, 'max_features': 'log2', 'n_estimators': 250};0.6091370558375635;0.6091370558375635;0.6269035532994924;0.6218274111675127;0.6421319796954315;0.5989847715736041;0.5964467005076142;0.5964467005076142;0.6446700507614214;0.6065989847715736;0.6040609137055838;0.6345177664974619;0.616751269035533;0.6132315521628499;0.638676844783715;0.6081424936386769;0.5801526717557252;0.628498727735369;0.5928753180661578;0.6132315521628499;0.5877862595419847;0.6055979643765903;0.648854961832061;0.6183206106870229;0.638676844783715;0.6152664005889875;0.018371300501064478;5
11;14.051.704.931.259.100;0.5772404537787117;0.2834706497192383;0.05846937557443139;gini;20;sqrt;1000;{'criterion': 'gini', 'max_depth': 20, 'max_features': 'sqrt', 'n_estimators': 1000};0.5964467005076142;0.616751269035533;0.6243654822335025;0.631979695431472;0.6269035532994924;0.5862944162436549;0.5761421319796954;0.5964467005076142;0.6294416243654822;0.6091370558375635;0.5913705583756346;0.6395939086294417;0.6091370558375635;0.628498727735369;0.6361323155216285;0.6030534351145038;0.5725190839694656;0.6259541984732825;0.6310432569974554;0.6055979643765903;0.5954198473282443;0.6157760814249363;0.6310432569974554;0.638676844783715;0.6361323155216285;0.6141542992211415;0.019653268304463165;9
15;12.938.200.902.938.800;0.3403836748081789;0.25533504486083985;0.03840006902675625;gini;20;log2;1000;{'criterion': 'gini', 'max_depth': 20, 'max_features': 'log2', 'n_estimators': 1000};0.5964467005076142;0.616751269035533;0.6243654822335025;0.631979695431472;0.6269035532994924;0.5862944162436549;0.5761421319796954;0.5964467005076142;0.6294416243654822;0.6091370558375635;0.5913705583756346;0.6395939086294417;0.6091370558375635;0.628498727735369;0.6361323155216285;0.6030534351145038;0.5725190839694656;0.6259541984732825;0.6310432569974554;0.6055979643765903;0.5954198473282443;0.6157760814249363;0.6310432569974554;0.638676844783715;0.6361323155216285;0.6141542992211415;0.019653268304463165;9
19;14.266.089.134.216.300;10.965.741.349.978.700;0.2791575241088867;0.026369666403093003;gini;20;sqrt;1000;{'criterion': 'gini', 'max_depth': 20, 'max_features': 'sqrt', 'n_estimators': 1000};0.5964467005076142;0.616751269035533;0.6243654822335025;0.631979695431472;0.6269035532994924;0.5862944162436549;0.5761421319796954;0.5964467005076142;0.6294416243654822;0.6091370558375635;0.5913705583756346;0.6395939086294417;0.6091370558375635;0.628498727735369;0.6361323155216285;0.6030534351145038;0.5725190839694656;0.6259541984732825;0.6310432569974554;0.6055979643765903;0.5954198473282443;0.6157760814249363;0.6310432569974554;0.638676844783715;0.6361323155216285;0.6141542992211415;0.019653268304463165;9
23;1.258.197.780.609.130;0.2626211016843253;0.2371373653411865;0.017859866539089348;gini;20;log2;1000;{'criterion': 'gini', 'max_depth': 20, 'max_features': 'log2', 'n_estimators': 1000};0.5964467005076142;0.616751269035533;0.6243654822335025;0.631979695431472;0.6269035532994924;0.5862944162436549;0.5761421319796954;0.5964467005076142;0.6294416243654822;0.6091370558375635;0.5913705583756346;0.6395939086294417;0.6091370558375635;0.628498727735369;0.6361323155216285;0.6030534351145038;0.5725190839694656;0.6259541984732825;0.6310432569974554;0.6055979643765903;0.5954198473282443;0.6157760814249363;0.6310432569974554;0.638676844783715;0.6361323155216285;0.6141542992211415;0.019653268304463165;9
25;3.109.335.174.560.540;0.06715633059087409;0.057995052337646485;0.007158545411545169;gini;30;sqrt;250;{'criterion': 'gini', 'max_depth': 30, 'max_features': 'sqrt', 'n_estimators': 250};0.6091370558375635;0.6192893401015228;0.6192893401015228;0.6446700507614214;0.616751269035533;0.5888324873096447;0.5913705583756346;0.583756345177665;0.6573604060913706;0.6015228426395939;0.583756345177665;0.6294416243654822;0.6040609137055838;0.6030534351145038;0.6055979643765903;0.6234096692111959;0.6030534351145038;0.6183206106870229;0.6259541984732825;0.5928753180661578;0.5954198473282443;0.5928753180661578;0.6590330788804071;0.6310432569974554;0.6539440203562341;0.6141527492540785;0.021988351417300538;13
29;3.081.078.777.313.230;0.03798594590520497;0.05787922859191894;0.006443586159044332;gini;30;log2;250;{'criterion': 'gini', 'max_depth': 30, 'max_features': 'log2', 'n_estimators': 250};0.6091370558375635;0.6192893401015228;0.6192893401015228;0.6446700507614214;0.616751269035533;0.5888324873096447;0.5913705583756346;0.583756345177665;0.6573604060913706;0.6015228426395939;0.583756345177665;0.6294416243654822;0.6040609137055838;0.6030534351145038;0.6055979643765903;0.6234096692111959;0.6030534351145038;0.6183206106870229;0.6259541984732825;0.5928753180661578;0.5954198473282443;0.5928753180661578;0.6590330788804071;0.6310432569974554;0.6539440203562341;0.6141527492540785;0.021988351417300538;13
59;14.923.532.848.358.100;0.2243315036372573;0.23839378356933594;0.01800505708124132;entropy;30;sqrt;1000;{'criterion': 'entropy', 'max_depth': 30, 'max_features': 'sqrt', 'n_estimators': 1000};0.6015228426395939;0.6091370558375635;0.6345177664974619;0.6421319796954315;0.6269035532994924;0.5964467005076142;0.5939086294416244;0.5913705583756346;0.6472081218274112;0.6065989847715736;0.5786802030456852;0.631979695431472;0.6065989847715736;0.6106870229007634;0.6157760814249363;0.6132315521628499;0.5852417302798982;0.638676844783715;0.6183206106870229;0.6030534351145038;0.6055979643765903;0.5979643765903307;0.6412213740458015;0.6030534351145038;0.6463104325699746;0.6138455974477208;0.01937659504209363;15
63;15.001.654.605.865.400;0.911425925078443;0.25103298187255857;0.04918494490265792;entropy;30;log2;1000;{'criterion': 'entropy', 'max_depth': 30, 'max_features': 'log2', 'n_estimators': 1000};0.6015228426395939;0.6091370558375635;0.6345177664974619;0.6421319796954315;0.6269035532994924;0.5964467005076142;0.5939086294416244;0.5913705583756346;0.6472081218274112;0.6065989847715736;0.5786802030456852;0.631979695431472;0.6065989847715736;0.6106870229007634;0.6157760814249363;0.6132315521628499;0.5852417302798982;0.638676844783715;0.6183206106870229;0.6030534351145038;0.6055979643765903;0.5979643765903307;0.6412213740458015;0.6030534351145038;0.6463104325699746;0.6138455974477208;0.01937659504209363;15
42;747.089.732.170.105;0.6170757768355318;0.12077945709228516;0.016854814049318195;entropy;20;sqrt;500;{'criterion': 'entropy', 'max_depth': 20, 'max_features': 'sqrt', 'n_estimators': 500};0.5989847715736041;0.6142131979695431;0.616751269035533;0.6421319796954315;0.6370558375634517;0.5913705583756346;0.5786802030456852;0.6040609137055838;0.6573604060913706;0.6065989847715736;0.6091370558375635;0.6421319796954315;0.5989847715736041;0.6183206106870229;0.6234096692111959;0.5877862595419847;0.5928753180661578;0.6361323155216285;0.6030534351145038;0.5979643765903307;0.5852417302798982;0.5954198473282443;0.638676844783715;0.6234096692111959;0.6437659033078881;0.613740716343111;0.02121446423042619;17
46;8.184.245.338.439.940;13.375.079.134.712.600;0.12900025367736817;0.027837355520246278;entropy;20;log2;500;{'criterion': 'entropy', 'max_depth': 20, 'max_features': 'log2', 'n_estimators': 500};0.5989847715736041;0.6142131979695431;0.616751269035533;0.6421319796954315;0.6370558375634517;0.5913705583756346;0.5786802030456852;0.6040609137055838;0.6573604060913706;0.6065989847715736;0.6091370558375635;0.6421319796954315;0.5989847715736041;0.6183206106870229;0.6234096692111959;0.5877862595419847;0.5928753180661578;0.6361323155216285;0.6030534351145038;0.5979643765903307;0.5852417302798982;0.5954198473282443;0.638676844783715;0.6234096692111959;0.6437659033078881;0.613740716343111;0.02121446423042619;17
50;7.802.356.481.552.120;0.3794429537401001;0.14162250518798827;0.05267760038000199;entropy;20;sqrt;500;{'criterion': 'entropy', 'max_depth': 20, 'max_features': 'sqrt', 'n_estimators': 500};0.5989847715736041;0.6142131979695431;0.616751269035533;0.6421319796954315;0.6370558375634517;0.5913705583756346;0.5786802030456852;0.6040609137055838;0.6573604060913706;0.6065989847715736;0.6091370558375635;0.6421319796954315;0.5989847715736041;0.6183206106870229;0.6234096692111959;0.5877862595419847;0.5928753180661578;0.6361323155216285;0.6030534351145038;0.5979643765903307;0.5852417302798982;0.5954198473282443;0.638676844783715;0.6234096692111959;0.6437659033078881;0.613740716343111;0.02121446423042619;17
54;13.097.845.020.294.100;4.007.997.336.929.270;0.23909310340881348;0.11346826393470714;entropy;20;log2;500;{'criterion': 'entropy', 'max_depth': 20, 'max_features': 'log2', 'n_estimators': 500};0.5989847715736041;0.6142131979695431;0.616751269035533;0.6421319796954315;0.6370558375634517;0.5913705583756346;0.5786802030456852;0.6040609137055838;0.6573604060913706;0.6065989847715736;0.6091370558375635;0.6421319796954315;0.5989847715736041;0.6183206106870229;0.6234096692111959;0.5877862595419847;0.5928753180661578;0.6361323155216285;0.6030534351145038;0.5979643765903307;0.5852417302798982;0.5954198473282443;0.638676844783715;0.6234096692111959;0.6437659033078881;0.613740716343111;0.02121446423042619;17
58;7.324.821.195.602.410;0.11720777914559048;0.123115234375;0.012823295630412335;entropy;30;sqrt;500;{'criterion': 'entropy', 'max_depth': 30, 'max_features': 'sqrt', 'n_estimators': 500};0.5964467005076142;0.6142131979695431;0.6243654822335025;0.6395939086294417;0.6446700507614214;0.6142131979695431;0.5989847715736041;0.6065989847715736;0.6421319796954315;0.5989847715736041;0.5964467005076142;0.6192893401015228;0.5964467005076142;0.6081424936386769;0.6106870229007634;0.628498727735369;0.5699745547073791;0.6132315521628499;0.6183206106870229;0.6055979643765903;0.5826972010178118;0.6005089058524173;0.6463104325699746;0.6106870229007634;0.6513994910941476;0.6135376706578319;0.019845854312018654;21
62;7.307.863.092.422.480;0.10114304765235149;0.11987957000732422;0.011578378176341567;entropy;30;log2;500;{'criterion': 'entropy', 'max_depth': 30, 'max_features': 'log2', 'n_estimators': 500};0.5964467005076142;0.6142131979695431;0.6243654822335025;0.6395939086294417;0.6446700507614214;0.6142131979695431;0.5989847715736041;0.6065989847715736;0.6421319796954315;0.5989847715736041;0.5964467005076142;0.6192893401015228;0.5964467005076142;0.6081424936386769;0.6106870229007634;0.628498727735369;0.5699745547073791;0.6132315521628499;0.6183206106870229;0.6055979643765903;0.5826972010178118;0.6005089058524173;0.6463104325699746;0.6106870229007634;0.6513994910941476;0.6135376706578319;0.019845854312018654;21
10;6.788.536.081.314.080;0.7031190784391095;0.12997591972351075;0.016922456794332835;gini;20;sqrt;500;{'criterion': 'gini', 'max_depth': 20, 'max_features': 'sqrt', 'n_estimators': 500};0.5939086294416244;0.6116751269035533;0.6269035532994924;0.6370558375634517;0.6269035532994924;0.5939086294416244;0.5862944162436549;0.5964467005076142;0.6421319796954315;0.5939086294416244;0.5913705583756346;0.6294416243654822;0.5939086294416244;0.6157760814249363;0.6335877862595419;0.6030534351145038;0.5801526717557252;0.6183206106870229;0.6157760814249363;0.6132315521628499;0.5877862595419847;0.6132315521628499;0.648854961832061;0.638676844783715;0.6310432569974554;0.6129339584867156;0.019545473889318314;23
14;6.733.619.375.228.880;0.5507339731097829;0.1394863986968994;0.028685480599845176;gini;20;log2;500;{'criterion': 'gini', 'max_depth': 20, 'max_features': 'log2', 'n_estimators': 500};0.5939086294416244;0.6116751269035533;0.6269035532994924;0.6370558375634517;0.6269035532994924;0.5939086294416244;0.5862944162436549;0.5964467005076142;0.6421319796954315;0.5939086294416244;0.5913705583756346;0.6294416243654822;0.5939086294416244;0.6157760814249363;0.6335877862595419;0.6030534351145038;0.5801526717557252;0.6183206106870229;0.6157760814249363;0.6132315521628499;0.5877862595419847;0.6132315521628499;0.648854961832061;0.638676844783715;0.6310432569974554;0.6129339584867156;0.019545473889318314;23
18;62.688.133.239.746.000;0.13058898424348533;0.12135871887207031;0.02682425367495654;gini;20;sqrt;500;{'criterion': 'gini', 'max_depth': 20, 'max_features': 'sqrt', 'n_estimators': 500};0.5939086294416244;0.6116751269035533;0.6269035532994924;0.6370558375634517;0.6269035532994924;0.5939086294416244;0.5862944162436549;0.5964467005076142;0.6421319796954315;0.5939086294416244;0.5913705583756346;0.6294416243654822;0.5939086294416244;0.6157760814249363;0.6335877862595419;0.6030534351145038;0.5801526717557252;0.6183206106870229;0.6157760814249363;0.6132315521628499;0.5877862595419847;0.6132315521628499;0.648854961832061;0.638676844783715;0.6310432569974554;0.6129339584867156;0.019545473889318314;23
22;6.255.721.387.863.150;0.10046319078866052;0.12090224266052246;0.011231866771778138;gini;20;log2;500;{'criterion': 'gini', 'max_depth': 20, 'max_features': 'log2', 'n_estimators': 500};0.5939086294416244;0.6116751269035533;0.6269035532994924;0.6370558375634517;0.6269035532994924;0.5939086294416244;0.5862944162436549;0.5964467005076142;0.6421319796954315;0.5939086294416244;0.5913705583756346;0.6294416243654822;0.5939086294416244;0.6157760814249363;0.6335877862595419;0.6030534351145038;0.5801526717557252;0.6183206106870229;0.6157760814249363;0.6132315521628499;0.5877862595419847;0.6132315521628499;0.648854961832061;0.638676844783715;0.6310432569974554;0.6129339584867156;0.019545473889318314;23
27;12.794.876.546.859.700;0.2026188663504754;0.2456193161010742;0.031509144733276595;gini;30;sqrt;1000;{'criterion': 'gini', 'max_depth': 30, 'max_features': 'sqrt', 'n_estimators': 1000};0.6116751269035533;0.6192893401015228;0.6192893401015228;0.6395939086294417;0.6345177664974619;0.6116751269035533;0.5812182741116751;0.5786802030456852;0.649746192893401;0.5989847715736041;0.5913705583756346;0.631979695431472;0.6065989847715736;0.6132315521628499;0.6208651399491094;0.6183206106870229;0.5877862595419847;0.6259541984732825;0.6106870229007634;0.5979643765903307;0.5852417302798982;0.6081424936386769;0.628498727735369;0.6234096692111959;0.6234096692111959;0.6127252295888712;0.01814485277406447;27
31;1.271.088.225.364.680;0.4725820576360631;0.24945155143737793;0.03749431197036939;gini;30;log2;1000;{'criterion': 'gini', 'max_depth': 30, 'max_features': 'log2', 'n_estimators': 1000};0.6116751269035533;0.6192893401015228;0.6192893401015228;0.6395939086294417;0.6345177664974619;0.6116751269035533;0.5812182741116751;0.5786802030456852;0.649746192893401;0.5989847715736041;0.5913705583756346;0.631979695431472;0.6065989847715736;0.6132315521628499;0.6208651399491094;0.6183206106870229;0.5877862595419847;0.6259541984732825;0.6106870229007634;0.5979643765903307;0.5852417302798982;0.6081424936386769;0.628498727735369;0.6234096692111959;0.6234096692111959;0.6127252295888712;0.01814485277406447;27
26;6.229.557.476.043.700;0.10208006656122588;0.11582145690917969;0.008659261774847679;gini;30;sqrt;500;{'criterion': 'gini', 'max_depth': 30, 'max_features': 'sqrt', 'n_estimators': 500};0.6040609137055838;0.6192893401015228;0.6015228426395939;0.6548223350253807;0.6218274111675127;0.6065989847715736;0.5862944162436549;0.5736040609137056;0.6446700507614214;0.5812182741116751;0.5939086294416244;0.631979695431472;0.6142131979695431;0.6055979643765903;0.6106870229007634;0.6208651399491094;0.6081424936386769;0.6157760814249363;0.6132315521628499;0.6005089058524173;0.6005089058524173;0.6055979643765903;0.648854961832061;0.6157760814249363;0.6335877862595419;0.6125258004934061;0.01934465601546186;29
30;62.232.513.523.101.800;0.13564933696134587;0.11544456481933593;0.009633139961779166;gini;30;log2;500;{'criterion': 'gini', 'max_depth': 30, 'max_features': 'log2', 'n_estimators': 500};0.6040609137055838;0.6192893401015228;0.6015228426395939;0.6548223350253807;0.6218274111675127;0.6065989847715736;0.5862944162436549;0.5736040609137056;0.6446700507614214;0.5812182741116751;0.5939086294416244;0.631979695431472;0.6142131979695431;0.6055979643765903;0.6106870229007634;0.6208651399491094;0.6081424936386769;0.6157760814249363;0.6132315521628499;0.6005089058524173;0.6005089058524173;0.6055979643765903;0.648854961832061;0.6157760814249363;0.6335877862595419;0.6125258004934061;0.01934465601546186;29
35;9.037.857.837.677.000;0.3414717795637706;0.19011474609375;0.01954160925813851;entropy;10;sqrt;1000;{'criterion': 'entropy', 'max_depth': 10, 'max_features': 'sqrt', 'n_estimators': 1000};0.5862944162436549;0.6091370558375635;0.6192893401015228;0.6472081218274112;0.631979695431472;0.6091370558375635;0.5812182741116751;0.583756345177665;0.649746192893401;0.5989847715736041;0.5989847715736041;0.6243654822335025;0.6192893401015228;0.6361323155216285;0.6157760814249363;0.6132315521628499;0.5750636132315522;0.638676844783715;0.6157760814249363;0.5699745547073791;0.6081424936386769;0.5903307888040712;0.6437659033078881;0.6030534351145038;0.638676844783715;0.6123196548740006;0.022646032956443577;31
39;8.932.909.116.744.990;0.2593962880734419;0.19075797080993653;0.028520268524068533;entropy;10;log2;1000;{'criterion': 'entropy', 'max_depth': 10, 'max_features': 'log2', 'n_estimators': 1000};0.5862944162436549;0.6091370558375635;0.6192893401015228;0.6472081218274112;0.631979695431472;0.6091370558375635;0.5812182741116751;0.583756345177665;0.649746192893401;0.5989847715736041;0.5989847715736041;0.6243654822335025;0.6192893401015228;0.6361323155216285;0.6157760814249363;0.6132315521628499;0.5750636132315522;0.638676844783715;0.6157760814249363;0.5699745547073791;0.6081424936386769;0.5903307888040712;0.6437659033078881;0.6030534351145038;0.638676844783715;0.6123196548740006;0.022646032956443577;31
40;14.560.313.510.894.700;0.04187135865854254;0.025408153533935548;0.007080364546539393;entropy;20;sqrt;100;{'criterion': 'entropy', 'max_depth': 20, 'max_features': 'sqrt', 'n_estimators': 100};0.6091370558375635;0.6065989847715736;0.6142131979695431;0.6370558375634517;0.6294416243654822;0.6116751269035533;0.5761421319796954;0.5888324873096447;0.6548223350253807;0.583756345177665;0.6065989847715736;0.6421319796954315;0.6243654822335025;0.6157760814249363;0.6132315521628499;0.6208651399491094;0.6030534351145038;0.6157760814249363;0.5674300254452926;0.6081424936386769;0.6132315521628499;0.5826972010178118;0.6513994910941476;0.6106870229007634;0.6208651399491094;0.6123170715955619;0.021164769269440796;33
44;15.351.638.221.740.700;0.07788423494408434;0.0288478946685791;0.010135833991907959;entropy;20;log2;100;{'criterion': 'entropy', 'max_depth': 20, 'max_features': 'log2', 'n_estimators': 100};0.6091370558375635;0.6065989847715736;0.6142131979695431;0.6370558375634517;0.6294416243654822;0.6116751269035533;0.5761421319796954;0.5888324873096447;0.6548223350253807;0.583756345177665;0.6065989847715736;0.6421319796954315;0.6243654822335025;0.6157760814249363;0.6132315521628499;0.6208651399491094;0.6030534351145038;0.6157760814249363;0.5674300254452926;0.6081424936386769;0.6132315521628499;0.5826972010178118;0.6513994910941476;0.6106870229007634;0.6208651399491094;0.6123170715955619;0.021164769269440796;33
48;1.614.695.634.841.910;0.11422070013519053;0.029244251251220703;0.009546953950516784;entropy;20;sqrt;100;{'criterion': 'entropy', 'max_depth': 20, 'max_features': 'sqrt', 'n_estimators': 100};0.6091370558375635;0.6065989847715736;0.6142131979695431;0.6370558375634517;0.6294416243654822;0.6116751269035533;0.5761421319796954;0.5888324873096447;0.6548223350253807;0.583756345177665;0.6065989847715736;0.6421319796954315;0.6243654822335025;0.6157760814249363;0.6132315521628499;0.6208651399491094;0.6030534351145038;0.6157760814249363;0.5674300254452926;0.6081424936386769;0.6132315521628499;0.5826972010178118;0.6513994910941476;0.6106870229007634;0.6208651399491094;0.6123170715955619;0.021164769269440796;33
52;2.201.443.243.026.730;0.719353965890104;0.039785728454589844;0.017178133457171733;entropy;20;log2;100;{'criterion': 'entropy', 'max_depth': 20, 'max_features': 'log2', 'n_estimators': 100};0.6091370558375635;0.6065989847715736;0.6142131979695431;0.6370558375634517;0.6294416243654822;0.6116751269035533;0.5761421319796954;0.5888324873096447;0.6548223350253807;0.583756345177665;0.6065989847715736;0.6421319796954315;0.6243654822335025;0.6157760814249363;0.6132315521628499;0.6208651399491094;0.6030534351145038;0.6157760814249363;0.5674300254452926;0.6081424936386769;0.6132315521628499;0.5826972010178118;0.6513994910941476;0.6106870229007634;0.6208651399491094;0.6123170715955619;0.021164769269440796;33
2;4.949.031.782.150.260;0.3641826563589031;0.11223943710327149;0.014602249888250455;gini;10;sqrt;500;{'criterion': 'gini', 'max_depth': 10, 'max_features': 'sqrt', 'n_estimators': 500};0.5862944162436549;0.631979695431472;0.6192893401015228;0.6472081218274112;0.631979695431472;0.6218274111675127;0.5736040609137056;0.616751269035533;0.6548223350253807;0.6116751269035533;0.5989847715736041;0.616751269035533;0.6040609137055838;0.6055979643765903;0.6183206106870229;0.6106870229007634;0.5750636132315522;0.6412213740458015;0.6005089058524173;0.5623409669211196;0.5877862595419847;0.5750636132315522;0.6335877862595419;0.6208651399491094;0.6564885496183206;0.6121104093204686;0.02514535339854678;37
6;5.128.234.510.421.750;0.522657973918877;0.11824470520019531;0.016386977182567097;gini;10;log2;500;{'criterion': 'gini', 'max_depth': 10, 'max_features': 'log2', 'n_estimators': 500};0.5862944162436549;0.631979695431472;0.6192893401015228;0.6472081218274112;0.631979695431472;0.6218274111675127;0.5736040609137056;0.616751269035533;0.6548223350253807;0.6116751269035533;0.5989847715736041;0.616751269035533;0.6040609137055838;0.6055979643765903;0.6183206106870229;0.6106870229007634;0.5750636132315522;0.6412213740458015;0.6005089058524173;0.5623409669211196;0.5877862595419847;0.5750636132315522;0.6335877862595419;0.6208651399491094;0.6564885496183206;0.6121104093204686;0.02514535339854678;37
8;13.191.324.710.845.900;0.11848281704921479;0.02645613670349121;0.00728095675310897;gini;20;sqrt;100;{'criterion': 'gini', 'max_depth': 20, 'max_features': 'sqrt', 'n_estimators': 100};0.583756345177665;0.5761421319796954;0.5989847715736041;0.649746192893401;0.6116751269035533;0.5736040609137056;0.5862944162436549;0.6116751269035533;0.6649746192893401;0.6142131979695431;0.5964467005076142;0.6598984771573604;0.6243654822335025;0.6106870229007634;0.6463104325699746;0.5776081424936387;0.6005089058524173;0.6132315521628499;0.6081424936386769;0.6081424936386769;0.5928753180661578;0.5826972010178118;0.6234096692111959;0.6234096692111959;0.6615776081424937;0.6120150863460819;0.02666903487538576;39
12;13.002.357.578.277.500;0.06957936151157583;0.027296323776245118;0.009681231126631508;gini;20;log2;100;{'criterion': 'gini', 'max_depth': 20, 'max_features': 'log2', 'n_estimators': 100};0.583756345177665;0.5761421319796954;0.5989847715736041;0.649746192893401;0.6116751269035533;0.5736040609137056;0.5862944162436549;0.6116751269035533;0.6649746192893401;0.6142131979695431;0.5964467005076142;0.6598984771573604;0.6243654822335025;0.6106870229007634;0.6463104325699746;0.5776081424936387;0.6005089058524173;0.6132315521628499;0.6081424936386769;0.6081424936386769;0.5928753180661578;0.5826972010178118;0.6234096692111959;0.6234096692111959;0.6615776081424937;0.6120150863460819;0.02666903487538576;39
16;1.249.921.703.338.620;0.05797782598889002;0.02455301284790039;0.006749818160217214;gini;20;sqrt;100;{'criterion': 'gini', 'max_depth': 20, 'max_features': 'sqrt', 'n_estimators': 100};0.583756345177665;0.5761421319796954;0.5989847715736041;0.649746192893401;0.6116751269035533;0.5736040609137056;0.5862944162436549;0.6116751269035533;0.6649746192893401;0.6142131979695431;0.5964467005076142;0.6598984771573604;0.6243654822335025;0.6106870229007634;0.6463104325699746;0.5776081424936387;0.6005089058524173;0.6132315521628499;0.6081424936386769;0.6081424936386769;0.5928753180661578;0.5826972010178118;0.6234096692111959;0.6234096692111959;0.6615776081424937;0.6120150863460819;0.02666903487538576;39
20;13.457.129.096.984.800;0.07262058037668377;0.026460323333740234;0.002871168858409269;gini;20;log2;100;{'criterion': 'gini', 'max_depth': 20, 'max_features': 'log2', 'n_estimators': 100};0.583756345177665;0.5761421319796954;0.5989847715736041;0.649746192893401;0.6116751269035533;0.5736040609137056;0.5862944162436549;0.6116751269035533;0.6649746192893401;0.6142131979695431;0.5964467005076142;0.6598984771573604;0.6243654822335025;0.6106870229007634;0.6463104325699746;0.5776081424936387;0.6005089058524173;0.6132315521628499;0.6081424936386769;0.6081424936386769;0.5928753180661578;0.5826972010178118;0.6234096692111959;0.6234096692111959;0.6615776081424937;0.6120150863460819;0.02666903487538576;39
9;31.493.158.626.556.300;0.08633585640250223;0.05913315773010254;0.008715416003491712;gini;20;sqrt;250;{'criterion': 'gini', 'max_depth': 20, 'max_features': 'sqrt', 'n_estimators': 250};0.583756345177665;0.6091370558375635;0.6142131979695431;0.6421319796954315;0.6192893401015228;0.5761421319796954;0.5862944162436549;0.6142131979695431;0.6472081218274112;0.6065989847715736;0.6015228426395939;0.6192893401015228;0.6142131979695431;0.6132315521628499;0.6335877862595419;0.5826972010178118;0.5648854961832062;0.6157760814249363;0.6132315521628499;0.6106870229007634;0.6157760814249363;0.5928753180661578;0.638676844783715;0.6157760814249363;0.6615776081424937;0.6117115511295386;0.022167707283224362;43
13;36.307.090.187.072.700;0.40588856011771535;0.07616057395935058;0.02865368709346298;gini;20;log2;250;{'criterion': 'gini', 'max_depth': 20, 'max_features': 'log2', 'n_estimators': 250};0.583756345177665;0.6091370558375635;0.6142131979695431;0.6421319796954315;0.6192893401015228;0.5761421319796954;0.5862944162436549;0.6142131979695431;0.6472081218274112;0.6065989847715736;0.6015228426395939;0.6192893401015228;0.6142131979695431;0.6132315521628499;0.6335877862595419;0.5826972010178118;0.5648854961832062;0.6157760814249363;0.6132315521628499;0.6106870229007634;0.6157760814249363;0.5928753180661578;0.638676844783715;0.6157760814249363;0.6615776081424937;0.6117115511295386;0.022167707283224362;43
17;31.125.998.306.274.400;0.06761745979866911;0.057248830795288086;0.00884659491864279;gini;20;sqrt;250;{'criterion': 'gini', 'max_depth': 20, 'max_features': 'sqrt', 'n_estimators': 250};0.583756345177665;0.6091370558375635;0.6142131979695431;0.6421319796954315;0.6192893401015228;0.5761421319796954;0.5862944162436549;0.6142131979695431;0.6472081218274112;0.6065989847715736;0.6015228426395939;0.6192893401015228;0.6142131979695431;0.6132315521628499;0.6335877862595419;0.5826972010178118;0.5648854961832062;0.6157760814249363;0.6132315521628499;0.6106870229007634;0.6157760814249363;0.5928753180661578;0.638676844783715;0.6157760814249363;0.6615776081424937;0.6117115511295386;0.022167707283224362;43
21;3.310.202.035.903.930;0.16167955395095626;0.06257182121276855;0.006308226442464738;gini;20;log2;250;{'criterion': 'gini', 'max_depth': 20, 'max_features': 'log2', 'n_estimators': 250};0.583756345177665;0.6091370558375635;0.6142131979695431;0.6421319796954315;0.6192893401015228;0.5761421319796954;0.5862944162436549;0.6142131979695431;0.6472081218274112;0.6065989847715736;0.6015228426395939;0.6192893401015228;0.6142131979695431;0.6132315521628499;0.6335877862595419;0.5826972010178118;0.5648854961832062;0.6157760814249363;0.6132315521628499;0.6106870229007634;0.6157760814249363;0.5928753180661578;0.638676844783715;0.6157760814249363;0.6615776081424937;0.6117115511295386;0.022167707283224362;43
57;3.635.059.394.836.420;0.0422761375417614;0.05987505912780762;0.011382952266700705;entropy;30;sqrt;250;{'criterion': 'entropy', 'max_depth': 30, 'max_features': 'sqrt', 'n_estimators': 250};0.5812182741116751;0.6142131979695431;0.6243654822335025;0.6370558375634517;0.6192893401015228;0.6065989847715736;0.6116751269035533;0.5939086294416244;0.6573604060913706;0.5939086294416244;0.5989847715736041;0.6294416243654822;0.6116751269035533;0.6055979643765903;0.6132315521628499;0.628498727735369;0.549618320610687;0.6132315521628499;0.6208651399491094;0.5979643765903307;0.5877862595419847;0.5954198473282443;0.6412213740458015;0.6005089058524173;0.6590330788804071;0.6117069012283489;0.023273841251457095;47
61;36.076.948.547.363.200;0.021849342715681813;0.059323635101318356;0.008953492212786636;entropy;30;log2;250;{'criterion': 'entropy', 'max_depth': 30, 'max_features': 'log2', 'n_estimators': 250};0.5812182741116751;0.6142131979695431;0.6243654822335025;0.6370558375634517;0.6192893401015228;0.6065989847715736;0.6116751269035533;0.5939086294416244;0.6573604060913706;0.5939086294416244;0.5989847715736041;0.6294416243654822;0.6116751269035533;0.6055979643765903;0.6132315521628499;0.628498727735369;0.549618320610687;0.6132315521628499;0.6208651399491094;0.5979643765903307;0.5877862595419847;0.5954198473282443;0.6412213740458015;0.6005089058524173;0.6590330788804071;0.6117069012283489;0.023273841251457095;47
34;4.389.501.399.993.890;0.057829279436245884;0.09474388122558594;0.01321677838642224;entropy;10;sqrt;500;{'criterion': 'entropy', 'max_depth': 10, 'max_features': 'sqrt', 'n_estimators': 500};0.5736040609137056;0.6142131979695431;0.6192893401015228;0.6370558375634517;0.6243654822335025;0.6116751269035533;0.5862944162436549;0.583756345177665;0.6598984771573604;0.5862944162436549;0.5939086294416244;0.616751269035533;0.6040609137055838;0.628498727735369;0.6335877862595419;0.6132315521628499;0.5877862595419847;0.6310432569974554;0.6157760814249363;0.5776081424936387;0.6055979643765903;0.5877862595419847;0.6361323155216285;0.6081424936386769;0.6513994910941476;0.6115103137391664;0.02262400695016055;49
38;4.486.350.593.566.890;0.1568204342668826;0.09285592079162598;0.011186388631952489;entropy;10;log2;500;{'criterion': 'entropy', 'max_depth': 10, 'max_features': 'log2', 'n_estimators': 500};0.5736040609137056;0.6142131979695431;0.6192893401015228;0.6370558375634517;0.6243654822335025;0.6116751269035533;0.5862944162436549;0.583756345177665;0.6598984771573604;0.5862944162436549;0.5939086294416244;0.616751269035533;0.6040609137055838;0.628498727735369;0.6335877862595419;0.6132315521628499;0.5877862595419847;0.6310432569974554;0.6157760814249363;0.5776081424936387;0.6055979643765903;0.5877862595419847;0.6361323155216285;0.6081424936386769;0.6513994910941476;0.6115103137391664;0.02262400695016055;49
1;2.442.788.381.576.530;0.5861199571523459;0.06423044204711914;0.030645819687968496;gini;10;sqrt;250;{'criterion': 'gini', 'max_depth': 10, 'max_features': 'sqrt', 'n_estimators': 250};0.5989847715736041;0.6243654822335025;0.6294416243654822;0.6395939086294417;0.6243654822335025;0.6142131979695431;0.5812182741116751;0.5913705583756346;0.649746192893401;0.6142131979695431;0.6065989847715736;0.6345177664974619;0.5888324873096447;0.6081424936386769;0.6259541984732825;0.6106870229007634;0.5750636132315522;0.6463104325699746;0.6081424936386769;0.5623409669211196;0.5954198473282443;0.5776081424936387;0.6335877862595419;0.6030534351145038;0.6412213740458015;0.6113997494219915;0.023241202517301277;51
5;24.889.274.978.637.600;0.12839753275109073;0.05855982780456543;0.007801291006516632;gini;10;log2;250;{'criterion': 'gini', 'max_depth': 10, 'max_features': 'log2', 'n_estimators': 250};0.5989847715736041;0.6243654822335025;0.6294416243654822;0.6395939086294417;0.6243654822335025;0.6142131979695431;0.5812182741116751;0.5913705583756346;0.649746192893401;0.6142131979695431;0.6065989847715736;0.6345177664974619;0.5888324873096447;0.6081424936386769;0.6259541984732825;0.6106870229007634;0.5750636132315522;0.6463104325699746;0.6081424936386769;0.5623409669211196;0.5954198473282443;0.5776081424936387;0.6335877862595419;0.6030534351145038;0.6412213740458015;0.6113997494219915;0.023241202517301277;51
3;10.700.948.734.283.400;12.497.189.751.343.300;0.25209750175476076;0.0431284481003796;gini;10;sqrt;1000;{'criterion': 'gini', 'max_depth': 10, 'max_features': 'sqrt', 'n_estimators': 1000};0.5736040609137056;0.6243654822335025;0.616751269035533;0.649746192893401;0.6294416243654822;0.6243654822335025;0.5710659898477157;0.6040609137055838;0.6573604060913706;0.6091370558375635;0.6015228426395939;0.6091370558375635;0.6091370558375635;0.6081424936386769;0.6234096692111959;0.6106870229007634;0.5750636132315522;0.628498727735369;0.6132315521628499;0.5725190839694656;0.5954198473282443;0.5826972010178118;0.6310432569974554;0.6183206106870229;0.6412213740458015;0.6111979953759317;0.02296055386415669;53
7;10.657.391.033.172.600;2.154.058.915.538.340;0.2671272659301758;0.0961537499784707;gini;10;log2;1000;{'criterion': 'gini', 'max_depth': 10, 'max_features': 'log2', 'n_estimators': 1000};0.5736040609137056;0.6243654822335025;0.616751269035533;0.649746192893401;0.6294416243654822;0.6243654822335025;0.5710659898477157;0.6040609137055838;0.6573604060913706;0.6091370558375635;0.6015228426395939;0.6091370558375635;0.6091370558375635;0.6081424936386769;0.6234096692111959;0.6106870229007634;0.5750636132315522;0.628498727735369;0.6132315521628499;0.5725190839694656;0.5954198473282443;0.5826972010178118;0.6310432569974554;0.6183206106870229;0.6412213740458015;0.6111979953759317;0.02296055386415669;53
33;21.669.342.041.015.600;0.030081832047190418;0.04653608322143555;0.003990532685035182;entropy;10;sqrt;250;{'criterion': 'entropy', 'max_depth': 10, 'max_features': 'sqrt', 'n_estimators': 250};0.5786802030456852;0.6294416243654822;0.6091370558375635;0.6269035532994924;0.6192893401015228;0.6116751269035533;0.583756345177665;0.5786802030456852;0.6522842639593909;0.6015228426395939;0.5939086294416244;0.6192893401015228;0.6065989847715736;0.6005089058524173;0.6183206106870229;0.6081424936386769;0.5801526717557252;0.6361323155216285;0.6234096692111959;0.5928753180661578;0.6055979643765903;0.5954198473282443;0.6361323155216285;0.5979643765903307;0.648854961832061;0.6101871585228814;0.020394993743809018;55
37;229.078.125;0.10942720530733384;0.048446950912475584;0.008200169050848083;entropy;10;log2;250;{'criterion': 'entropy', 'max_depth': 10, 'max_features': 'log2', 'n_estimators': 250};0.5786802030456852;0.6294416243654822;0.6091370558375635;0.6269035532994924;0.6192893401015228;0.6116751269035533;0.583756345177665;0.5786802030456852;0.6522842639593909;0.6015228426395939;0.5939086294416244;0.6192893401015228;0.6065989847715736;0.6005089058524173;0.6183206106870229;0.6081424936386769;0.5801526717557252;0.6361323155216285;0.6234096692111959;0.5928753180661578;0.6055979643765903;0.5954198473282443;0.6361323155216285;0.5979643765903307;0.648854961832061;0.6101871585228814;0.020394993743809018;55
0;0.8304811000823975;0.0359665994802037;0.017757949829101564;0.0046475777861668364;gini;10;sqrt;100;{'criterion': 'gini', 'max_depth': 10, 'max_features': 'sqrt', 'n_estimators': 100};0.5939086294416244;0.616751269035533;0.6243654822335025;0.6395939086294417;0.6243654822335025;0.6091370558375635;0.5888324873096447;0.5964467005076142;0.6345177664974619;0.6091370558375635;0.6116751269035533;0.6269035532994924;0.6116751269035533;0.5877862595419847;0.6208651399491094;0.6157760814249363;0.5648854961832062;0.6335877862595419;0.5928753180661578;0.5572519083969466;0.5979643765903307;0.5776081424936387;0.6259541984732825;0.6030534351145038;0.6590330788804071;0.6089580346417639;0.023069387897981786;57
4;0.9936259651184082;0.04745888529917194;0.025457019805908202;0.005282241123649326;gini;10;log2;100;{'criterion': 'gini', 'max_depth': 10, 'max_features': 'log2', 'n_estimators': 100};0.5939086294416244;0.616751269035533;0.6243654822335025;0.6395939086294417;0.6243654822335025;0.6091370558375635;0.5888324873096447;0.5964467005076142;0.6345177664974619;0.6091370558375635;0.6116751269035533;0.6269035532994924;0.6116751269035533;0.5877862595419847;0.6208651399491094;0.6157760814249363;0.5648854961832062;0.6335877862595419;0.5928753180661578;0.5572519083969466;0.5979643765903307;0.5776081424936387;0.6259541984732825;0.6030534351145038;0.6590330788804071;0.6089580346417639;0.023069387897981786;57
56;1.452.142.219.543.450;0.0294942785519642;0.025232906341552733;0.005616802511804987;entropy;30;sqrt;100;{'criterion': 'entropy', 'max_depth': 30, 'max_features': 'sqrt', 'n_estimators': 100};0.5862944162436549;0.6065989847715736;0.6421319796954315;0.6116751269035533;0.6015228426395939;0.6065989847715736;0.5786802030456852;0.616751269035533;0.6700507614213198;0.583756345177665;0.6040609137055838;0.6091370558375635;0.6015228426395939;0.6081424936386769;0.6055979643765903;0.6234096692111959;0.5572519083969466;0.6157760814249363;0.638676844783715;0.6055979643765903;0.5954198473282443;0.5903307888040712;0.6005089058524173;0.6106870229007634;0.638676844783715;0.6083543224706475;0.022294583136200814;59
60;1.466.244.535.446.160;0.03515548449435592;0.024759979248046876;0.004311167911279705;entropy;30;log2;100;{'criterion': 'entropy', 'max_depth': 30, 'max_features': 'log2', 'n_estimators': 100};0.5862944162436549;0.6065989847715736;0.6421319796954315;0.6116751269035533;0.6015228426395939;0.6065989847715736;0.5786802030456852;0.616751269035533;0.6700507614213198;0.583756345177665;0.6040609137055838;0.6091370558375635;0.6015228426395939;0.6081424936386769;0.6055979643765903;0.6234096692111959;0.5572519083969466;0.6157760814249363;0.638676844783715;0.6055979643765903;0.5954198473282443;0.5903307888040712;0.6005089058524173;0.6106870229007634;0.638676844783715;0.6083543224706475;0.022294583136200814;59
32;0.886598014831543;0.04397741266273517;0.02087122917175293;0.007141949766419862;entropy;10;sqrt;100;{'criterion': 'entropy', 'max_depth': 10, 'max_features': 'sqrt', 'n_estimators': 100};0.583756345177665;0.6065989847715736;0.6040609137055838;0.6142131979695431;0.6142131979695431;0.616751269035533;0.5812182741116751;0.5939086294416244;0.6421319796954315;0.5862944162436549;0.6116751269035533;0.6345177664974619;0.5913705583756346;0.6005089058524173;0.6335877862595419;0.6106870229007634;0.5648854961832062;0.6437659033078881;0.6030534351145038;0.5750636132315522;0.6055979643765903;0.6005089058524173;0.6463104325699746;0.5928753180661578;0.6361323155216285;0.6077475103654048;0.021741928036473745;61
36;0.912133378982544;0.04389425786862621;0.0191098690032959;0.005089337102837685;entropy;10;log2;100;{'criterion': 'entropy', 'max_depth': 10, 'max_features': 'log2', 'n_estimators': 100};0.583756345177665;0.6065989847715736;0.6040609137055838;0.6142131979695431;0.6142131979695431;0.616751269035533;0.5812182741116751;0.5939086294416244;0.6421319796954315;0.5862944162436549;0.6116751269035533;0.6345177664974619;0.5913705583756346;0.6005089058524173;0.6335877862595419;0.6106870229007634;0.5648854961832062;0.6437659033078881;0.6030534351145038;0.5750636132315522;0.6055979643765903;0.6005089058524173;0.6463104325699746;0.5928753180661578;0.6361323155216285;0.6077475103654048;0.021741928036473745;61
24;12.429.490.089.416.500;0.038114318854664604;0.025329580307006837;0.006465350116631026;gini;30;sqrt;100;{'criterion': 'gini', 'max_depth': 30, 'max_features': 'sqrt', 'n_estimators': 100};0.6015228426395939;0.616751269035533;0.6015228426395939;0.6015228426395939;0.6142131979695431;0.6040609137055838;0.565989847715736;0.5862944162436549;0.6345177664974619;0.6091370558375635;0.5710659898477157;0.6294416243654822;0.5710659898477157;0.6335877862595419;0.6055979643765903;0.6208651399491094;0.6055979643765903;0.628498727735369;0.5954198473282443;0.5979643765903307;0.5903307888040712;0.5903307888040712;0.6259541984732825;0.6437659033078881;0.6335877862595419;0.6071443148499761;0.02074450695011709;63
28;12.666.648.292.541.500;0.06891151999800502;0.022864933013916015;0.006237043882392525;gini;30;log2;100;{'criterion': 'gini', 'max_depth': 30, 'max_features': 'log2', 'n_estimators': 100};0.6015228426395939;0.616751269035533;0.6015228426395939;0.6015228426395939;0.6142131979695431;0.6040609137055838;0.565989847715736;0.5862944162436549;0.6345177664974619;0.6091370558375635;0.5710659898477157;0.6294416243654822;0.5710659898477157;0.6335877862595419;0.6055979643765903;0.6208651399491094;0.6055979643765903;0.628498727735369;0.5954198473282443;0.5979643765903307;0.5903307888040712;0.5903307888040712;0.6259541984732825;0.6437659033078881;0.6335877862595419;0.6071443148499761;0.02074450695011709;63
